holdings,cash,total,Date
0.0,10000.0,10000.0,2023-07-21
0.0,10000.0,10000.0,2023-07-22
0.0,10000.0,10000.0,2023-07-23
0.0,10000.0,10000.0,2023-07-24
0.0,10000.0,10000.0,2023-07-25
0.0,10000.0,10000.0,2023-07-26
0.0,10000.0,10000.0,2023-07-27
0.0,10000.0,10000.0,2023-07-28
0.0,10000.0,10000.0,2023-07-29
0.0,10000.0,10000.0,2023-07-30
0.0,10000.0,10000.0,2023-07-31
0.0,10000.0,10000.0,2023-08-01
0.0,10000.0,10000.0,2023-08-02
0.0,10000.0,10000.0,2023-08-03
0.0,10000.0,10000.0,2023-08-04
0.0,10000.0,10000.0,2023-08-05
0.0,10000.0,10000.0,2023-08-06
0.0,10000.0,10000.0,2023-08-07
10200.641625898501,-9.999999999998181,10190.641625898503,2023-08-08
10130.73144415358,-9.999999999998181,10120.731444153582,2023-08-09
10085.528477922273,-9.999999999998181,10075.528477922275,2023-08-10
10074.604238104386,-9.999999999998181,10064.604238104388,2023-08-11
10080.858517674164,-9.999999999998181,10070.858517674165,2023-08-12
0.0,10060.992969959516,10060.992969959516,2023-08-13
0.0,10060.992969959516,10060.992969959516,2023-08-14
0.0,10060.992969959516,10060.992969959516,2023-08-15
0.0,10060.992969959516,10060.992969959516,2023-08-16
0.0,10060.992969959516,10060.992969959516,2023-08-17
0.0,10060.992969959516,10060.992969959516,2023-08-18
0.0,10060.992969959516,10060.992969959516,2023-08-19
0.0,10060.992969959516,10060.992969959516,2023-08-20
0.0,10060.992969959516,10060.992969959516,2023-08-21
0.0,10060.992969959516,10060.992969959516,2023-08-22
0.0,10060.992969959516,10060.992969959516,2023-08-23
0.0,10060.992969959516,10060.992969959516,2023-08-24
0.0,10060.992969959516,10060.992969959516,2023-08-25
0.0,10060.992969959516,10060.992969959516,2023-08-26
0.0,10060.992969959516,10060.992969959516,2023-08-27
10067.369456898628,-10.060992969958534,10057.30846392867,2023-08-28
10692.572477506917,-10.060992969958534,10682.511484536959,2023-08-29
10526.701719632385,-10.060992969958534,10516.640726662426,2023-08-30
0.0,10507.91083852179,10507.91083852179,2023-08-31
0.0,10507.91083852179,10507.91083852179,2023-09-01
0.0,10507.91083852179,10507.91083852179,2023-09-02
0.0,10507.91083852179,10507.91083852179,2023-09-03
0.0,10507.91083852179,10507.91083852179,2023-09-04
0.0,10507.91083852179,10507.91083852179,2023-09-05
0.0,10507.91083852179,10507.91083852179,2023-09-06
0.0,10507.91083852179,10507.91083852179,2023-09-07
10371.961820810544,-10.50791083851982,10361.453909972024,2023-09-08
10367.96746019077,-10.50791083851982,10357.45954935225,2023-09-09
10342.563232811244,-10.50791083851982,10332.055321972724,2023-09-10
10074.48361220989,-10.50791083851982,10063.97570137137,2023-09-11
10343.010526130452,-10.50791083851982,10332.502615291933,2023-09-12
10501.150609947408,-10.50791083851982,10490.642699108888,2023-09-13
10625.807035311323,-10.50791083851982,10615.299124472804,2023-09-14
10653.44069145494,-10.50791083851982,10642.93278061642,2023-09-15
10637.260715812075,-10.50791083851982,10626.752804973556,2023-09-16
10623.610449762979,-10.50791083851982,10613.102538924459,2023-09-17
0.0,10602.001615674315,10602.001615674315,2023-09-18
0.0,10602.001615674315,10602.001615674315,2023-09-19
0.0,10602.001615674315,10602.001615674315,2023-09-20
10382.298149380942,-10.602001615672634,10371.69614776527,2023-09-21
10386.962411609598,-10.602001615672634,10376.360409993926,2023-09-22
10386.892955241932,-10.602001615672634,10376.29095362626,2023-09-23
10260.838807009348,-10.602001615672634,10250.236805393675,2023-09-24
10277.116784517213,-10.602001615672634,10266.51478290154,2023-09-25
10245.372934723426,-10.602001615672634,10234.770933107753,2023-09-26
10298.311662250408,-10.602001615672634,10287.709660634735,2023-09-27
10559.682079832375,-10.602001615672634,10549.080078216703,2023-09-28
10516.763387412217,-10.602001615672634,10506.161385796544,2023-09-29
10538.723811703318,-10.602001615672634,10528.121810087645,2023-09-30
10935.699009700358,-10.602001615672634,10925.097008084686,2023-10-01
0.0,10911.447594599036,10911.447594599036,2023-10-02
10880.399583522732,-10.91144759459712,10869.488135928135,2023-10-03
11026.93246761753,-10.91144759459712,11016.021020022932,2023-10-04
0.0,11004.697663339975,11004.697663339975,2023-10-05
11219.26446193656,-11.004697663338447,11208.259764273222,2023-10-06
11228.193669951213,-11.004697663338447,11217.188972287875,2023-10-07
0.0,11207.098920970053,11207.098920970053,2023-10-08
11066.36265439344,-11.207098920969656,11055.155555472471,2023-10-09
10989.069642030985,-11.207098920969656,10977.862543110015,2023-10-10
10781.37263528108,-11.207098920969656,10770.165536360111,2023-10-11
10734.62509800417,-11.207098920969656,10723.4179990832,2023-10-12
10776.981458779634,-11.207098920969656,10765.774359858664,2023-10-13
10776.713474774726,-11.207098920969656,10765.506375853756,2023-10-14
10896.246878226311,-11.207098920969656,10885.039779305342,2023-10-15
11441.794140845817,-11.207098920969656,11430.587041924848,2023-10-16
11400.182963662943,-11.207098920969656,11388.975864741973,2023-10-17
11365.116237968306,-11.207098920969656,11353.909139047337,2023-10-18
11522.168969264696,-11.207098920969656,11510.961870343726,2023-10-19
11908.574479075885,-11.207098920969656,11897.367380154916,2023-10-20
12003.040407963272,-11.207098920969656,11991.833309042302,2023-10-21
12033.324167675604,-11.207098920969656,12022.117068754635,2023-10-22
13273.946715441665,-11.207098920969656,13262.739616520696,2023-10-23
13601.036081430047,-11.207098920969656,13589.828982509078,2023-10-24
13842.270267741322,-11.207098920969656,13831.063168820352,2023-10-25
0.0,13817.809560680442,13817.809560680442,2023-10-26
0.0,13817.809560680442,13817.809560680442,2023-10-27
0.0,13817.809560680442,13817.809560680442,2023-10-28
0.0,13817.809560680442,13817.809560680442,2023-10-29
13806.053648411105,-13.817809560678143,13792.235838850427,2023-10-30
13872.245327292847,-13.817809560678143,13858.427517732169,2023-10-31
0.0,13840.354796324498,13840.354796324498,2023-11-01
0.0,13840.354796324498,13840.354796324498,2023-11-02
0.0,13840.354796324498,13840.354796324498,2023-11-03
0.0,13840.354796324498,13840.354796324498,2023-11-04
0.0,13840.354796324498,13840.354796324498,2023-11-05
0.0,13840.354796324498,13840.354796324498,2023-11-06
0.0,13840.354796324498,13840.354796324498,2023-11-07
0.0,13840.354796324498,13840.354796324498,2023-11-08
0.0,13840.354796324498,13840.354796324498,2023-11-09
0.0,13840.354796324498,13840.354796324498,2023-11-10
0.0,13840.354796324498,13840.354796324498,2023-11-11
0.0,13840.354796324498,13840.354796324498,2023-11-12
0.0,13840.354796324498,13840.354796324498,2023-11-13
0.0,13840.354796324498,13840.354796324498,2023-11-14
0.0,13840.354796324498,13840.354796324498,2023-11-15
0.0,13840.354796324498,13840.354796324498,2023-11-16
0.0,13840.354796324498,13840.354796324498,2023-11-17
0.0,13840.354796324498,13840.354796324498,2023-11-18
0.0,13840.354796324498,13840.354796324498,2023-11-19
0.0,13840.354796324498,13840.354796324498,2023-11-20
0.0,13840.354796324498,13840.354796324498,2023-11-21
0.0,13840.354796324498,13840.354796324498,2023-11-22
0.0,13840.354796324498,13840.354796324498,2023-11-23
0.0,13840.354796324498,13840.354796324498,2023-11-24
0.0,13840.354796324498,13840.354796324498,2023-11-25
13724.017573019812,-13.840354796322572,13710.177218223489,2023-11-26
13641.644759823812,-13.840354796322572,13627.80440502749,2023-11-27
13852.89924259332,-13.840354796322572,13839.058887796997,2023-11-28
13862.934799608376,-13.840354796322572,13849.094444812054,2023-11-29
13809.565833275878,-13.840354796322572,13795.725478479555,2023-11-30
14166.956678360148,-13.840354796322572,14153.116323563825,2023-12-01
14455.351638584338,-13.840354796322572,14441.511283788015,2023-12-02
14639.194289165052,-13.840354796322572,14625.35393436873,2023-12-03
0.0,14610.801906101364,14610.801906101364,2023-12-04
0.0,14610.801906101364,14610.801906101364,2023-12-05
0.0,14610.801906101364,14610.801906101364,2023-12-06
0.0,14610.801906101364,14610.801906101364,2023-12-07
0.0,14610.801906101364,14610.801906101364,2023-12-08
0.0,14610.801906101364,14610.801906101364,2023-12-09
0.0,14610.801906101364,14610.801906101364,2023-12-10
0.0,14610.801906101364,14610.801906101364,2023-12-11
0.0,14610.801906101364,14610.801906101364,2023-12-12
0.0,14610.801906101364,14610.801906101364,2023-12-13
0.0,14610.801906101364,14610.801906101364,2023-12-14
0.0,14610.801906101364,14610.801906101364,2023-12-15
0.0,14610.801906101364,14610.801906101364,2023-12-16
0.0,14610.801906101364,14610.801906101364,2023-12-17
15061.454639189014,-14.610801906099368,15046.843837282915,2023-12-18
14936.714410995879,-14.610801906099368,14922.10360908978,2023-12-19
0.0,14903.90985666246,14903.90985666246,2023-12-20
14979.380947507887,-14.903909856660903,14964.477037651226,2023-12-21
15023.343394784722,-14.903909856660903,15008.439484928062,2023-12-22
14935.125061565972,-14.903909856660903,14920.221151709311,2023-12-23
14688.107059492902,-14.903909856660903,14673.203149636242,2023-12-24
0.0,14656.624255866398,14656.624255866398,2023-12-25
0.0,14656.624255866398,14656.624255866398,2023-12-26
0.0,14656.624255866398,14656.624255866398,2023-12-27
0.0,14656.624255866398,14656.624255866398,2023-12-28
0.0,14656.624255866398,14656.624255866398,2023-12-29
14679.309368285829,-14.656624255865609,14664.652744029963,2023-12-30
0.0,14648.302084044839,14648.302084044839,2023-12-31
0.0,14648.302084044839,14648.302084044839,2024-01-01
0.0,14648.302084044839,14648.302084044839,2024-01-02
0.0,14648.302084044839,14648.302084044839,2024-01-03
0.0,14648.302084044839,14648.302084044839,2024-01-04
14638.262405058802,-14.64830208404419,14623.614102974758,2024-01-05
14580.755009886645,-14.64830208404419,14566.1067078026,2024-01-06
14565.475379797112,-14.64830208404419,14550.827077713067,2024-01-07
15568.946085116111,-14.64830208404419,15554.297783032067,2024-01-08
15293.576102217907,-14.64830208404419,15278.927800133863,2024-01-09
15455.345188175559,-14.64830208404419,15440.696886091515,2024-01-10
15369.433037058638,-14.64830208404419,15354.784734974593,2024-01-11
14204.204898749598,-14.64830208404419,14189.556596665554,2024-01-12
0.0,14157.563169508629,14157.563169508629,2024-01-13
0.0,14157.563169508629,14157.563169508629,2024-01-14
0.0,14157.563169508629,14157.563169508629,2024-01-15
14375.962608848919,-14.157563169508649,14361.80504567941,2024-01-16
0.0,14339.82688377279,14339.82688377279,2024-01-17
0.0,14339.82688377279,14339.82688377279,2024-01-18
0.0,14339.82688377279,14339.82688377279,2024-01-19
0.0,14339.82688377279,14339.82688377279,2024-01-20
0.0,14339.82688377279,14339.82688377279,2024-01-21
0.0,14339.82688377279,14339.82688377279,2024-01-22
0.0,14339.82688377279,14339.82688377279,2024-01-23
0.0,14339.82688377279,14339.82688377279,2024-01-24
14289.108717927189,-14.33982688377364,14274.768891043415,2024-01-25
14962.905827010418,-14.33982688377364,14948.566000126644,2024-01-26
15071.390929862931,-14.33982688377364,15057.051102979158,2024-01-27
0.0,15044.14961817547,15044.14961817547,2024-01-28
0.0,15044.14961817547,15044.14961817547,2024-01-29
0.0,15044.14961817547,15044.14961817547,2024-01-30
0.0,15044.14961817547,15044.14961817547,2024-01-31
0.0,15044.14961817547,15044.14961817547,2024-02-01
0.0,15044.14961817547,15044.14961817547,2024-02-02
0.0,15044.14961817547,15044.14961817547,2024-02-03
0.0,15044.14961817547,15044.14961817547,2024-02-04
0.0,15044.14961817547,15044.14961817547,2024-02-05
0.0,15044.14961817547,15044.14961817547,2024-02-06
0.0,15044.14961817547,15044.14961817547,2024-02-07
15373.130499684747,-15.044149618173833,15358.086350066573,2024-02-08
15999.447784756554,-15.044149618173833,15984.40363513838,2024-02-09
16211.229301792575,-15.044149618173833,16196.185152174401,2024-02-10
16388.58790481548,-15.044149618173833,16373.543755197305,2024-02-11
16953.371314791442,-15.044149618173833,16938.32716517327,2024-02-12
16880.145738309446,-15.044149618173833,16865.101588691272,2024-02-13
17587.43932299305,-15.044149618173833,17572.395173374876,2024-02-14
17625.398910395994,-15.044149618173833,17610.35476077782,2024-02-15
17700.615522646924,-15.044149618173833,17685.57137302875,2024-02-16
0.0,17668.3700050856,17668.3700050856,2024-02-17
0.0,17668.3700050856,17668.3700050856,2024-02-18
17547.834935148745,-17.668370005085308,17530.16656514366,2024-02-19
17719.22584683027,-17.668370005085308,17701.557476825186,2024-02-20
17568.18071377676,-17.668370005085308,17550.512343771676,2024-02-21
17387.139159490107,-17.668370005085308,17369.47078948502,2024-02-22
17192.94281294458,-17.668370005085308,17175.274442939495,2024-02-23
17477.329643721227,-17.668370005085308,17459.66127371614,2024-02-24
17532.277410883245,-17.668370005085308,17514.60904087816,2024-02-25
18477.518801386715,-17.668370005085308,18459.85043138163,2024-02-26
19346.103112234134,-17.668370005085308,19328.43474222905,2024-02-27
21182.731600810446,-17.668370005085308,21165.06323080536,2024-02-28
20739.99347833314,-17.668370005085308,20722.325108328056,2024-02-29
0.0,20691.31990502625,20691.31990502625,2024-03-01
20558.15236874793,-20.69131990502501,20537.461048842906,2024-03-02
20935.154425576144,-20.69131990502501,20914.46310567112,2024-03-03
22646.308459456162,-20.69131990502501,22625.617139551137,2024-03-04
21145.219993390496,-20.69131990502501,21124.52867348547,2024-03-05
21909.351944696446,-20.69131990502501,21888.66062479142,2024-03-06
22180.681673734205,-20.69131990502501,22159.99035382918,2024-03-07
0.0,22141.984536948075,22141.984536948075,2024-03-08
0.0,22141.984536948075,22141.984536948075,2024-03-09
0.0,22141.984536948075,22141.984536948075,2024-03-10
23137.55090674646,-22.141984536949167,23115.40892220951,2024-03-11
22931.39751514017,-22.141984536949167,22909.25553060322,2024-03-12
23445.391266411127,-22.141984536949167,23423.249281874178,2024-03-13
22904.22702193728,-22.141984536949167,22882.08503740033,2024-03-14
0.0,22856.386607985252,22856.386607985252,2024-03-15
0.0,22856.386607985252,22856.386607985252,2024-03-16
0.0,22856.386607985252,22856.386607985252,2024-03-17
0.0,22856.386607985252,22856.386607985252,2024-03-18
0.0,22856.386607985252,22856.386607985252,2024-03-19
25064.705699702714,-22.85638660798213,25041.84931309473,2024-03-20
24170.72124890014,-22.85638660798213,24147.864862292157,2024-03-21
23538.646170012205,-22.85638660798213,23515.789783404223,2024-03-22
23643.25508357297,-22.85638660798213,23620.39869696499,2024-03-23
24813.924567528094,-22.85638660798213,24791.068180920112,2024-03-24
25819.49993280618,-22.85638660798213,25796.643546198196,2024-03-25
25830.211530327666,-22.85638660798213,25807.355143719684,2024-03-26
0.0,25783.022768173327,25783.022768173327,2024-03-27
0.0,25783.022768173327,25783.022768173327,2024-03-28
0.0,25783.022768173327,25783.022768173327,2024-03-29
0.0,25783.022768173327,25783.022768173327,2024-03-30
0.0,25783.022768173327,25783.022768173327,2024-03-31
0.0,25783.022768173327,25783.022768173327,2024-04-01
24208.022648713577,-25.783022768169758,24182.239625945407,2024-04-02
24405.48337919171,-25.783022768169758,24379.700356423542,2024-04-03
25340.570752569423,-25.783022768169758,25314.787729801254,2024-04-04
0.0,25292.00202750213,25292.00202750213,2024-04-05
0.0,25292.00202750213,25292.00202750213,2024-04-06
0.0,25292.00202750213,25292.00202750213,2024-04-07
0.0,25292.00202750213,25292.00202750213,2024-04-08
0.0,25292.00202750213,25292.00202750213,2024-04-09
25821.5594670509,-25.2920020274978,25796.267465023404,2024-04-10
25628.679019595525,-25.2920020274978,25603.387017568028,2024-04-11
24580.735551043137,-25.2920020274978,24555.44354901564,2024-04-12
0.0,24528.124857636994,24528.124857636994,2024-04-13
0.0,24528.124857636994,24528.124857636994,2024-04-14
0.0,24528.124857636994,24528.124857636994,2024-04-15
0.0,24528.124857636994,24528.124857636994,2024-04-16
0.0,24528.124857636994,24528.124857636994,2024-04-17
0.0,24528.124857636994,24528.124857636994,2024-04-18
0.0,24528.124857636994,24528.124857636994,2024-04-19
0.0,24528.124857636994,24528.124857636994,2024-04-20
0.0,24528.124857636994,24528.124857636994,2024-04-21
0.0,24528.124857636994,24528.124857636994,2024-04-22
0.0,24528.124857636994,24528.124857636994,2024-04-23
0.0,24528.124857636994,24528.124857636994,2024-04-24
0.0,24528.124857636994,24528.124857636994,2024-04-25
0.0,24528.124857636994,24528.124857636994,2024-04-26
0.0,24528.124857636994,24528.124857636994,2024-04-27
0.0,24528.124857636994,24528.124857636994,2024-04-28
0.0,24528.124857636994,24528.124857636994,2024-04-29
0.0,24528.124857636994,24528.124857636994,2024-04-30
0.0,24528.124857636994,24528.124857636994,2024-05-01
24894.330890654594,-24.528124857635703,24869.802765796958,2024-05-02
26480.20066366049,-24.528124857635703,26455.672538802854,2024-05-03
26901.946736125195,-24.528124857635703,26877.41861126756,2024-05-04
26960.751611461386,-24.528124857635703,26936.22348660375,2024-05-05
26594.7758439473,-24.528124857635703,26570.247719089664,2024-05-06
0.0,26543.994709885043,26543.994709885043,2024-05-07
0.0,26543.994709885043,26543.994709885043,2024-05-08
0.0,26543.994709885043,26543.994709885043,2024-05-09
0.0,26543.994709885043,26543.994709885043,2024-05-10
26544.149916988627,-26.5439947098821,26517.605922278744,2024-05-11
26830.002173623507,-26.5439947098821,26803.458178913625,2024-05-12
27464.444468193018,-26.5439947098821,27437.900473483136,2024-05-13
0.0,27410.141260024928,27410.141260024928,2024-05-14
0.0,27410.141260024928,27410.141260024928,2024-05-15
0.0,27410.141260024928,27410.141260024928,2024-05-16
0.0,27410.141260024928,27410.141260024928,2024-05-17
0.0,27410.141260024928,27410.141260024928,2024-05-18
27140.0596877502,-27.41014126002119,27112.64954649018,2024-05-19
29257.031632622915,-27.41014126002119,29229.621491362894,2024-05-20
28719.923637101252,-27.41014126002119,28692.51349584123,2024-05-21
28304.62491318402,-27.41014126002119,28277.214771924,2024-05-22
27816.2009573534,-27.41014126002119,27788.79081609338,2024-05-23
28060.47531789284,-27.41014126002119,28033.06517663282,2024-05-24
28363.4309335284,-27.41014126002119,28336.02079226838,2024-05-25
28057.196231239974,-27.41014126002119,28029.786089979953,2024-05-26
28416.094664727905,-27.41014126002119,28388.684523467884,2024-05-27
27966.341537638604,-27.41014126002119,27938.931396378583,2024-05-28
0.0,27911.019385307896,27911.019385307896,2024-05-29
28236.862134728242,-27.911019385304826,28208.951115342938,2024-05-30
27876.047274808614,-27.911019385304826,27848.13625542331,2024-05-31
27965.065139021914,-27.911019385304826,27937.15411963661,2024-06-01
27983.51278210407,-27.911019385304826,27955.601762718765,2024-06-02
28418.50865773398,-27.911019385304826,28390.597638348674,2024-06-03
29146.675884112406,-27.911019385304826,29118.7648647271,2024-06-04
29359.40944462969,-27.911019385304826,29331.498425244386,2024-06-05
29224.90331305079,-27.911019385304826,29196.992293665484,2024-06-06
28640.63867384952,-27.911019385304826,28612.727654464215,2024-06-07
0.0,28576.49226601698,28576.49226601698,2024-06-08
0.0,28576.49226601698,28576.49226601698,2024-06-09
28522.31713155072,-28.576492266012792,28493.740639284708,2024-06-10
27627.71576316212,-28.576492266012792,27599.139270896107,2024-06-11
0.0,27567.143449302854,27567.143449302854,2024-06-12
0.0,27567.143449302854,27567.143449302854,2024-06-13
0.0,27567.143449302854,27567.143449302854,2024-06-14
0.0,27567.143449302854,27567.143449302854,2024-06-15
27754.43336926755,-27.56714344930151,27726.86622581825,2024-06-16
27692.48062298319,-27.56714344930151,27664.913479533887,2024-06-17
27130.40749929483,-27.56714344930151,27102.84035584553,2024-06-18
0.0,27078.170627480074,27078.170627480074,2024-06-19
0.0,27078.170627480074,27078.170627480074,2024-06-20
0.0,27078.170627480074,27078.170627480074,2024-06-21
27136.756150413697,-27.07817062747563,27109.677979786222,2024-06-22
0.0,27081.016698358995,27081.016698358995,2024-06-23
0.0,27081.016698358995,27081.016698358995,2024-06-24
27772.287755048794,-27.081016698357416,27745.206738350436,2024-06-25
27325.913977720895,-27.081016698357416,27298.832961022537,2024-06-26
27682.48851684557,-27.081016698357416,27655.407500147212,2024-06-27
27105.216977823173,-27.081016698357416,27078.135961124815,2024-06-28
27360.110673486557,-27.081016698357416,27333.0296567882,2024-06-29
28164.86870112558,-27.081016698357416,28137.78768442722,2024-06-30
28242.916226047255,-27.081016698357416,28215.835209348897,2024-07-01
27873.11201358382,-27.081016698357416,27846.030996885464,2024-07-02
27039.51445656231,-27.081016698357416,27012.43343986395,2024-07-03
25603.274297968517,-27.081016698357416,25576.19328127016,2024-07-04
25461.579704549626,-27.081016698357416,25434.49868785127,2024-07-05
0.0,25407.55536542451,25407.55536542451,2024-07-06
0.0,25407.55536542451,25407.55536542451,2024-07-07
25796.75724222954,-25.407555365422013,25771.34968686412,2024-07-08
26390.042470500328,-25.407555365422013,26364.634915134906,2024-07-09
0.0,26349.45048328358,26349.45048328358,2024-07-10
26173.736987882887,-26.349450483281544,26147.387537399605,2024-07-11
26426.84864620786,-26.349450483281544,26400.49919572458,2024-07-12
0.0,26378.300756825756,26378.300756825756,2024-07-13
0.0,26378.300756825756,26378.300756825756,2024-07-14
0.0,26378.300756825756,26378.300756825756,2024-07-15
0.0,26378.300756825756,26378.300756825756,2024-07-16
0.0,26378.300756825756,26378.300756825756,2024-07-17
0.0,26378.300756825756,26378.300756825756,2024-07-18
0.0,26378.300756825756,26378.300756825756,2024-07-19
0.0,26378.300756825756,26378.300756825756,2024-07-20
0.0,26378.300756825756,26378.300756825756,2024-07-21
0.0,26378.300756825756,26378.300756825756,2024-07-22
0.0,26378.300756825756,26378.300756825756,2024-07-23
0.0,26378.300756825756,26378.300756825756,2024-07-24
0.0,26378.300756825756,26378.300756825756,2024-07-25
0.0,26378.300756825756,26378.300756825756,2024-07-26
0.0,26378.300756825756,26378.300756825756,2024-07-27
0.0,26378.300756825756,26378.300756825756,2024-07-28
0.0,26378.300756825756,26378.300756825756,2024-07-29
0.0,26378.300756825756,26378.300756825756,2024-07-30
0.0,26378.300756825756,26378.300756825756,2024-07-31
0.0,26378.300756825756,26378.300756825756,2024-08-01
0.0,26378.300756825756,26378.300756825756,2024-08-02
0.0,26378.300756825756,26378.300756825756,2024-08-03
0.0,26378.300756825756,26378.300756825756,2024-08-04
24508.6149694455,-26.37830075682359,24482.236668688678,2024-08-05
25435.940450393682,-26.37830075682359,25409.56214963686,2024-08-06
24978.893458696613,-26.37830075682359,24952.51515793979,2024-08-07
28012.39425111823,-26.37830075682359,27986.015950361405,2024-08-08
27635.617517096605,-26.37830075682359,27609.23921633978,2024-08-09
27665.440695515466,-26.37830075682359,27639.062394758643,2024-08-10
26654.832317606884,-26.37830075682359,26628.45401685006,2024-08-11
26943.09526244291,-26.37830075682359,26916.716961686085,2024-08-12
27512.80680675175,-26.37830075682359,27486.428505994925,2024-08-13
26662.905623471743,-26.37830075682359,26636.52732271492,2024-08-14
0.0,26608.046949793945,26608.046949793945,2024-08-15
0.0,26608.046949793945,26608.046949793945,2024-08-16
0.0,26608.046949793945,26608.046949793945,2024-08-17
0.0,26608.046949793945,26608.046949793945,2024-08-18
0.0,26608.046949793945,26608.046949793945,2024-08-19
0.0,26608.046949793945,26608.046949793945,2024-08-20
0.0,26608.046949793945,26608.046949793945,2024-08-21
26265.964124676495,-26.60804694979015,26239.356077726705,2024-08-22
27880.865777025487,-26.60804694979015,27854.257730075697,2024-08-23
27917.682513507487,-26.60804694979015,27891.074466557697,2024-08-24
27984.911672085524,-26.60804694979015,27958.303625135733,2024-08-25
27352.911702840032,-26.60804694979015,27326.303655890242,2024-08-26
25884.131730328263,-26.60804694979015,25857.523683378473,2024-08-27
25676.8521615604,-26.60804694979015,25650.24411461061,2024-08-28
0.0,25624.499362103372,25624.499362103372,2024-08-29
0.0,25624.499362103372,25624.499362103372,2024-08-30
0.0,25624.499362103372,25624.499362103372,2024-08-31
0.0,25624.499362103372,25624.499362103372,2024-09-01
0.0,25624.499362103372,25624.499362103372,2024-09-02
0.0,25624.499362103372,25624.499362103372,2024-09-03
25865.9702814026,-25.624499362100323,25840.3457820405,2024-09-04
25057.90849033268,-25.624499362100323,25032.28399097058,2024-09-05
24071.068110738324,-25.624499362100323,24045.443611376224,2024-09-06
24156.259615768653,-25.624499362100323,24130.635116406553,2024-09-07
24469.426718519415,-25.624499362100323,24443.802219157315,2024-09-08
25441.201418180015,-25.624499362100323,25415.576918817915,2024-09-09
25721.92955344731,-25.624499362100323,25696.30505408521,2024-09-10
25585.602927688553,-25.624499362100323,25559.978428326453,2024-09-11
25935.339685271585,-25.624499362100323,25909.715185909485,2024-09-12
27025.94223390532,-25.624499362100323,27000.31773454322,2024-09-13
26773.321944576444,-25.624499362100323,26747.697445214344,2024-09-14
26406.43150560655,-25.624499362100323,26380.80700624445,2024-09-15
25964.562991084786,-25.624499362100323,25938.938491722685,2024-09-16
26908.70217234769,-25.624499362100323,26883.07767298559,2024-09-17
27507.097593798066,-25.624499362100323,27481.473094435965,2024-09-18
28083.02172748977,-25.624499362100323,28057.39722812767,2024-09-19
28195.691889372905,-25.624499362100323,28170.067390010805,2024-09-20
28285.76004554329,-25.624499362100323,28260.13554618119,2024-09-21
28399.03325292123,-25.624499362100323,28373.408753559128,2024-09-22
28256.740659738447,-25.624499362100323,28231.116160376347,2024-09-23
28690.50640401356,-25.624499362100323,28664.881904651458,2024-09-24
28173.457636837626,-25.624499362100323,28147.833137475525,2024-09-25
0.0,28117.61033081315,28117.61033081315,2024-09-26
0.0,28117.61033081315,28117.61033081315,2024-09-27
28158.410819929333,-28.11761033080984,28130.293209598523,2024-09-28
28050.566646569863,-28.11761033080984,28022.449036239053,2024-09-29
27065.13466954714,-28.11761033080984,27037.01705921633,2024-09-30
25999.918037211788,-28.11761033080984,25971.80042688098,2024-10-01
25912.639380440793,-28.11761033080984,25884.521770109983,2024-10-02
25966.75178036763,-28.11761033080984,25938.63417003682,2024-10-03
26525.783588422826,-28.11761033080984,26497.665978092016,2024-10-04
26535.387729743834,-28.11761033080984,26507.270119413024,2024-10-05
26846.94220115577,-28.11761033080984,26818.82459082496,2024-10-06
26598.087597592672,-28.11761033080984,26569.969987261862,2024-10-07
0.0,26536.961087754185,26536.961087754185,2024-10-08
0.0,26536.961087754185,26536.961087754185,2024-10-09
0.0,26536.961087754185,26536.961087754185,2024-10-10
27492.16502920099,-26.53696108774966,27465.62806811324,2024-10-11
27821.451348456983,-26.53696108774966,27794.914387369234,2024-10-12
27671.036716190123,-26.53696108774966,27644.499755102373,2024-10-13
29077.56194414334,-26.53696108774966,29051.02498305559,2024-10-14
0.0,29023.813225007438,29023.813225007438,2024-10-15
0.0,29023.813225007438,29023.813225007438,2024-10-16
0.0,29023.813225007438,29023.813225007438,2024-10-17
29454.173649578588,-29.023813225005142,29425.149836353583,2024-10-18
0.0,29395.776300420297,29395.776300420297,2024-10-19
29669.903722714982,-29.39577630041822,29640.507946414564,2024-10-20
28967.367171279937,-29.39577630041822,28937.97139497952,2024-10-21
28964.595764304788,-29.39577630041822,28935.19998800437,2024-10-22
0.0,28906.65152655577,28906.65152655577,2024-10-23
0.0,28906.65152655577,28906.65152655577,2024-10-24
0.0,28906.65152655577,28906.65152655577,2024-10-25
0.0,28906.65152655577,28906.65152655577,2024-10-26
0.0,28906.65152655577,28906.65152655577,2024-10-27
0.0,28906.65152655577,28906.65152655577,2024-10-28
0.0,28906.65152655577,28906.65152655577,2024-10-29
0.0,28906.65152655577,28906.65152655577,2024-10-30
0.0,28906.65152655577,28906.65152655577,2024-10-31
0.0,28906.65152655577,28906.65152655577,2024-11-01
0.0,28906.65152655577,28906.65152655577,2024-11-02
0.0,28906.65152655577,28906.65152655577,2024-11-03
0.0,28906.65152655577,28906.65152655577,2024-11-04
0.0,28906.65152655577,28906.65152655577,2024-11-05
0.0,28906.65152655577,28906.65152655577,2024-11-06
29008.988010701607,-28.906651526551286,28980.081359175056,2024-11-07
29253.81629264106,-28.906651526551286,29224.909641114507,2024-11-08
29343.012503505328,-28.906651526551286,29314.105851978777,2024-11-09
30755.273899200914,-28.906651526551286,30726.367247674363,2024-11-10
33899.54632619081,-28.906651526551286,33870.63967466426,2024-11-11
33614.56870209792,-28.906651526551286,33585.662050571365,2024-11-12
34619.06063571427,-28.906651526551286,34590.15398418772,2024-11-13
33344.98857614478,-28.906651526551286,33316.08192461823,2024-11-14
34803.20957798061,-28.906651526551286,34774.30292645406,2024-11-15
0.0,34738.87333697794,34738.87333697794,2024-11-16
0.0,34738.87333697794,34738.87333697794,2024-11-17
0.0,34738.87333697794,34738.87333697794,2024-11-18
0.0,34738.87333697794,34738.87333697794,2024-11-19
0.0,34738.87333697794,34738.87333697794,2024-11-20
0.0,34738.87333697794,34738.87333697794,2024-11-21
34915.654541337404,-34.738873336973484,34880.91566800043,2024-11-22
34485.23565122567,-34.738873336973484,34450.49677788869,2024-11-23
0.0,34416.29781768259,34416.29781768259,2024-11-24
0.0,34416.29781768259,34416.29781768259,2024-11-25
0.0,34416.29781768259,34416.29781768259,2024-11-26
0.0,34416.29781768259,34416.29781768259,2024-11-27
0.0,34416.29781768259,34416.29781768259,2024-11-28
0.0,34416.29781768259,34416.29781768259,2024-11-29
0.0,34416.29781768259,34416.29781768259,2024-11-30
34708.31250134884,-34.41629781767551,34673.89620353116,2024-12-01
34203.640706838334,-34.41629781767551,34169.22440902066,2024-12-02
34252.47056144654,-34.41629781767551,34218.05426362887,2024-12-03
35239.478631288664,-34.41629781767551,35205.06233347099,2024-12-04
34463.477525360315,-34.41629781767551,34429.06122754264,2024-12-05
35650.56312311218,-34.41629781767551,35616.146825294505,2024-12-06
35651.499692991645,-34.41629781767551,35617.08339517397,2024-12-07
0.0,35580.925094104954,35580.925094104954,2024-12-08
0.0,35580.925094104954,35580.925094104954,2024-12-09
0.0,35580.925094104954,35580.925094104954,2024-12-10
0.0,35580.925094104954,35580.925094104954,2024-12-11
0.0,35580.925094104954,35580.925094104954,2024-12-12
0.0,35580.925094104954,35580.925094104954,2024-12-13
35553.404629291654,-35.580925094101985,35517.82370419755,2024-12-14
36579.51190023245,-35.580925094101985,36543.93097513835,2024-12-15
37186.61434041057,-35.580925094101985,37151.033415316466,2024-12-16
0.0,37114.18622004209,37114.18622004209,2024-12-17
0.0,37114.18622004209,37114.18622004209,2024-12-18
0.0,37114.18622004209,37114.18622004209,2024-12-19
0.0,37114.18622004209,37114.18622004209,2024-12-20
0.0,37114.18622004209,37114.18622004209,2024-12-21
0.0,37114.18622004209,37114.18622004209,2024-12-22
36952.947878291205,-37.11418622003839,36915.833692071166,2024-12-23
38510.05663480119,-37.11418622003839,38472.942448581154,2024-12-24
0.0,38434.36233590985,38434.36233590985,2024-12-25
37078.80173955134,-38.4343623359091,37040.36737721543,2024-12-26
36447.636706359204,-38.4343623359091,36409.202344023295,2024-12-27
36834.33883744927,-38.4343623359091,36795.90447511336,2024-12-28
36201.99447479362,-38.4343623359091,36163.56011245771,2024-12-29
35858.66445266599,-38.4343623359091,35820.23009033008,2024-12-30
0.0,35784.38653036631,35784.38653036631,2024-12-31
0.0,35784.38653036631,35784.38653036631,2025-01-01
0.0,35784.38653036631,35784.38653036631,2025-01-02
0.0,35784.38653036631,35784.38653036631,2025-01-03
35831.52458571686,-35.78438653036574,35795.7401991865,2025-01-04
35860.242837549944,-35.78438653036574,35824.45845101958,2025-01-05
37232.83735461273,-35.78438653036574,37197.05296808237,2025-01-06
0.0,37222.04436420851,37222.04436420851,2025-01-07
36499.81694595867,-37.22204436420725,36462.594901594464,2025-01-08
35516.89135792558,-37.22204436420725,35479.669313561375,2025-01-09
36368.45077457396,-37.22204436420725,36331.228730209754,2025-01-10
36316.66037031582,-37.22204436420725,36279.43832595161,2025-01-11
0.0,36242.78897028888,36242.78897028888,2025-01-12
0.0,36242.78897028888,36242.78897028888,2025-01-13
0.0,36242.78897028888,36242.78897028888,2025-01-14
0.0,36242.78897028888,36242.78897028888,2025-01-15
0.0,36242.78897028888,36242.78897028888,2025-01-16
37850.20402985054,-36.242788970281254,37813.96124088026,2025-01-17
37830.64928807957,-36.242788970281254,37794.40649910929,2025-01-18
0.0,37757.74094783164,37757.74094783164,2025-01-19
0.0,37757.74094783164,37757.74094783164,2025-01-20
0.0,37757.74094783164,37757.74094783164,2025-01-21
0.0,37757.74094783164,37757.74094783164,2025-01-22
0.0,37757.74094783164,37757.74094783164,2025-01-23
0.0,37757.74094783164,37757.74094783164,2025-01-24
0.0,37757.74094783164,37757.74094783164,2025-01-25
0.0,37757.74094783164,37757.74094783164,2025-01-26
0.0,37757.74094783164,37757.74094783164,2025-01-27
0.0,37757.74094783164,37757.74094783164,2025-01-28
0.0,37757.74094783164,37757.74094783164,2025-01-29
0.0,37757.74094783164,37757.74094783164,2025-01-30
0.0,37757.74094783164,37757.74094783164,2025-01-31
0.0,37757.74094783164,37757.74094783164,2025-02-01
0.0,37757.74094783164,37757.74094783164,2025-02-02
0.0,37757.74094783164,37757.74094783164,2025-02-03
0.0,37757.74094783164,37757.74094783164,2025-02-04
37270.690701603,-37.75774094782537,37232.93296065518,2025-02-05
37262.14664779342,-37.75774094782537,37224.3889068456,2025-02-06
37237.37642618463,-37.75774094782537,37199.618685236805,2025-02-07
37219.38719966281,-37.75774094782537,37181.62945871498,2025-02-08
37226.19230495453,-37.75774094782537,37188.434564006704,2025-02-09
37587.830307381424,-37.75774094782537,37550.0725664336,2025-02-10
36935.84215043302,-37.75774094782537,36898.08440948519,2025-02-11
37760.76979230382,-37.75774094782537,37723.012051355996,2025-02-12
37273.93955169356,-37.75774094782537,37236.18181074574,2025-02-13
37615.37923008808,-37.75774094782537,37577.621489140256,2025-02-14
37642.91609769235,-37.75774094782537,37605.15835674453,2025-02-15
37100.79513003077,-37.75774094782537,37063.03738908294,2025-02-16
36945.85391295698,-37.75774094782537,36908.09617200916,2025-02-17
36855.648595646766,-37.75774094782537,36817.89085469894,2025-02-18
0.0,36778.33154199018,36778.33154199018,2025-02-19
0.0,36778.33154199018,36778.33154199018,2025-02-20
35949.89911313201,-36.77833154198743,35913.12078159002,2025-02-21
0.0,35880.40498759245,35880.40498759245,2025-02-22
35767.507014641524,-35.88040498759074,35731.62660965393,2025-02-23
0.0,35697.358186984195,35697.358186984195,2025-02-24
0.0,35697.358186984195,35697.358186984195,2025-02-25
0.0,35697.358186984195,35697.358186984195,2025-02-26
35963.72578650477,-35.697358186982456,35928.02842831779,2025-02-27
35823.09690901234,-35.697358186982456,35787.39955082536,2025-02-28
36527.43542789956,-35.697358186982456,36491.73806971258,2025-03-01
40015.97097309955,-35.697358186982456,39980.27361491257,2025-03-02
36541.768322032134,-35.697358186982456,36506.07096384515,2025-03-03
37032.8051151162,-35.697358186982456,36997.10775692922,2025-03-04
38476.957807310435,-35.697358186982456,38441.26044912345,2025-03-05
38195.95546376927,-35.697358186982456,38160.25810558229,2025-03-06
36829.20902417347,-35.697358186982456,36793.51166598649,2025-03-07
36579.522777254766,-35.697358186982456,36543.82541906778,2025-03-08
34221.594182342946,-35.697358186982456,34185.89682415596,2025-03-09
33343.121448394864,-35.697358186982456,33307.42409020788,2025-03-10
35181.642677781994,-35.697358186982456,35145.94531959501,2025-03-11
35546.844554917545,-35.697358186982456,35511.14719673056,2025-03-12
0.0,35476.68725059874,35476.68725059874,2025-03-13
0.0,35476.68725059874,35476.68725059874,2025-03-14
0.0,35476.68725059874,35476.68725059874,2025-03-15
0.0,35476.68725059874,35476.68725059874,2025-03-16
0.0,35476.68725059874,35476.68725059874,2025-03-17
34903.99366153087,-35.476687250593386,34868.516974280275,2025-03-18
36649.10961169105,-35.476687250593386,36613.632924440455,2025-03-19
35515.286806413686,-35.476687250593386,35479.81011916309,2025-03-20
35462.98340283012,-35.476687250593386,35427.506715579526,2025-03-21
35374.05179319481,-35.476687250593386,35338.57510594422,2025-03-22
36311.60332388764,-35.476687250593386,36276.12663663705,2025-03-23
36921.14269272694,-35.476687250593386,36885.66600547635,2025-03-24
36909.66073415632,-35.476687250593386,36874.18404690573,2025-03-25
36668.79673675099,-35.476687250593386,36633.3200495004,2025-03-26
36785.3503190717,-35.476687250593386,36749.87363182111,2025-03-27
35593.75180150356,-35.476687250593386,35558.27511425297,2025-03-28
34852.97262426484,-35.476687250593386,34817.495937014246,2025-03-29
34741.970468367595,-35.476687250593386,34706.493781117,2025-03-30
34832.43498375523,-35.476687250593386,34796.958296504636,2025-03-31
0.0,34763.39377237234,34763.39377237234,2025-04-01
33663.56816362459,-34.763393772365816,33628.80476985223,2025-04-02
0.0,33595.86105728088,33595.86105728088,2025-04-03
0.0,33595.86105728088,33595.86105728088,2025-04-04
0.0,33595.86105728088,33595.86105728088,2025-04-05
0.0,33595.86105728088,33595.86105728088,2025-04-06
0.0,33595.86105728088,33595.86105728088,2025-04-07
0.0,33595.86105728088,33595.86105728088,2025-04-08
0.0,33595.86105728088,33595.86105728088,2025-04-09
32399.650174791197,-33.59586105727794,32366.05431373392,2025-04-10
33937.19055137055,-33.59586105727794,33903.59469031327,2025-04-11
34703.082260168936,-33.59586105727794,34669.48639911166,2025-04-12
34051.17897500259,-33.59586105727794,34017.583113945315,2025-04-13
34400.0583186691,-33.59586105727794,34366.46245761182,2025-04-14
34044.67497827241,-33.59586105727794,34011.07911721513,2025-04-15
34193.141578119335,-33.59586105727794,34159.54571706206,2025-04-16
34543.83924345234,-33.59586105727794,34510.24338239506,2025-04-17
34362.79226115785,-33.59586105727794,34329.19640010057,2025-04-18
34612.061273670624,-33.59586105727794,34578.46541261335,2025-04-19
34657.182353625816,-33.59586105727794,34623.58649256854,2025-04-20
35611.19406169067,-33.59586105727794,35577.598200633394,2025-04-21
0.0,35543.19377452806,35543.19377452806,2025-04-22
0.0,35543.19377452806,35543.19377452806,2025-04-23
0.0,35543.19377452806,35543.19377452806,2025-04-24
0.0,35543.19377452806,35543.19377452806,2025-04-25
0.0,35543.19377452806,35543.19377452806,2025-04-26
0.0,35543.19377452806,35543.19377452806,2025-04-27
0.0,35543.19377452806,35543.19377452806,2025-04-28
0.0,35543.19377452806,35543.19377452806,2025-04-29
0.0,35543.19377452806,35543.19377452806,2025-04-30
0.0,35543.19377452806,35543.19377452806,2025-05-01
0.0,35543.19377452806,35543.19377452806,2025-05-02
0.0,35543.19377452806,35543.19377452806,2025-05-03
0.0,35543.19377452806,35543.19377452806,2025-05-04
0.0,35543.19377452806,35543.19377452806,2025-05-05
0.0,35543.19377452806,35543.19377452806,2025-05-06
0.0,35543.19377452806,35543.19377452806,2025-05-07
0.0,35543.19377452806,35543.19377452806,2025-05-08
0.0,35543.19377452806,35543.19377452806,2025-05-09
0.0,35543.19377452806,35543.19377452806,2025-05-10
0.0,35543.19377452806,35543.19377452806,2025-05-11
0.0,35543.19377452806,35543.19377452806,2025-05-12
0.0,35543.19377452806,35543.19377452806,2025-05-13
35328.94165153603,-35.54319377452339,35293.398457761505,2025-05-14
35398.9675186665,-35.54319377452339,35363.424324891974,2025-05-15
35311.83837529752,-35.54319377452339,35276.295181523,2025-05-16
35210.087743436,-35.54319377452339,35174.54454966148,2025-05-17
36320.70775267007,-35.54319377452339,36285.16455889554,2025-05-18
36034.14790399704,-35.54319377452339,35998.60471022252,2025-05-19
36438.4527201661,-35.54319377452339,36402.90952639157,2025-05-20
37423.530523282316,-35.54319377452339,37387.98732950779,2025-05-21
38104.31875667466,-35.54319377452339,38068.77556290013,2025-05-22
36607.936697717145,-35.54319377452339,36572.39350394262,2025-05-23
36779.68920520569,-35.54319377452339,36744.14601143116,2025-05-24
37204.23751884281,-35.54319377452339,37168.69432506829,2025-05-25
37342.420581557126,-35.54319377452339,37306.8773877826,2025-05-26
0.0,37269.54828248546,37269.54828248546,2025-05-27
0.0,37269.54828248546,37269.54828248546,2025-05-28
0.0,37269.54828248546,37269.54828248546,2025-05-29
0.0,37269.54828248546,37269.54828248546,2025-05-30
0.0,37269.54828248546,37269.54828248546,2025-05-31
37630.99982440799,-37.269548282478354,37593.73027612551,2025-06-01
37712.71773065257,-37.269548282478354,37675.44818237009,2025-06-02
37552.77135373501,-37.269548282478354,37515.50180545253,2025-06-03
37303.27392772278,-37.269548282478354,37266.0043794403,2025-06-04
36179.16366717752,-37.269548282478354,36141.89411889504,2025-06-05
37181.58890575679,-37.269548282478354,37144.31935747431,2025-06-06
37618.00765958843,-37.269548282478354,37580.73811130595,2025-06-07
37681.41576833618,-37.269548282478354,37644.1462200537,2025-06-08
39284.38010365937,-37.269548282478354,39247.110555376894,2025-06-09
0.0,39208.39048712779,39208.39048712779,2025-06-10
0.0,39208.39048712779,39208.39048712779,2025-06-11
0.0,39208.39048712779,39208.39048712779,2025-06-12
0.0,39208.39048712779,39208.39048712779,2025-06-13
0.0,39208.39048712779,39208.39048712779,2025-06-14
0.0,39208.39048712779,39208.39048712779,2025-06-15
0.0,39208.39048712779,39208.39048712779,2025-06-16
0.0,39208.39048712779,39208.39048712779,2025-06-17
0.0,39208.39048712779,39208.39048712779,2025-06-18
0.0,39208.39048712779,39208.39048712779,2025-06-19
38694.72005351578,-39.20839048712514,38655.51166302866,2025-06-20
38300.61919122393,-39.20839048712514,38261.410800736805,2025-06-21
37824.839863750254,-39.20839048712514,37785.63147326313,2025-06-22
0.0,37747.932333318015,37747.932333318015,2025-06-23
0.0,37747.932333318015,37747.932333318015,2025-06-24
0.0,37747.932333318015,37747.932333318015,2025-06-25
0.0,37747.932333318015,37747.932333318015,2025-06-26
0.0,37747.932333318015,37747.932333318015,2025-06-27
37831.526621877136,-37.747932333317294,37793.77868954382,2025-06-28
38204.41013192212,-37.747932333317294,38166.662199588805,2025-06-29
37763.71985658555,-37.747932333317294,37725.97192425223,2025-06-30
37257.17801245485,-37.747932333317294,37219.430080121536,2025-07-01
38371.400435592754,-37.747932333317294,38333.652503259436,2025-07-02
38649.39082436159,-37.747932333317294,38611.64289202827,2025-07-03
38080.60488666448,-37.747932333317294,38042.85695433116,2025-07-04
38149.98957814345,-37.747932333317294,38112.241645810136,2025-07-05
38502.789640222254,-37.747932333317294,38465.04170788894,2025-07-06
38174.195461541625,-37.747932333317294,38136.44752920831,2025-07-07
0.0,38097.70111657691,38097.70111657691,2025-07-08
0.0,38097.70111657691,38097.70111657691,2025-07-09
0.0,38097.70111657691,38097.70111657691,2025-07-10
0.0,38097.70111657691,38097.70111657691,2025-07-11
0.0,38097.70111657691,38097.70111657691,2025-07-12
38644.001475012985,-38.09770111657417,38605.90377389641,2025-07-13
38881.99358489829,-38.09770111657417,38843.89588378172,2025-07-14
38209.62196331985,-38.09770111657417,38171.524262203275,2025-07-15
38521.496329705835,-38.09770111657417,38483.39862858926,2025-07-16
38700.36235795657,-38.09770111657417,38662.264656839994,2025-07-17
0.0,38621.70579202251,38621.70579202251,2025-07-18
0.0,38621.70579202251,38621.70579202251,2025-07-19
0.0,38621.70579202251,38621.70579202251,2025-07-20
0.0,38621.70579202251,38621.70579202251,2025-07-21
